"carnet","logica2020","matematica2020","geometria2020"
"WD19016",2.64529787236825,2.60179809527472,6.33396886754781
"BI17730",3.96030788309872,0.653850552625954,2.10719264112413
"KK15772",3.56056251330301,6.17482627043501,0.390393906272948
"MV20678",8.59677944565192,2.6869682315737,6.85517753008753
"GT10294",7.37982380669564,0.880088785197586,2.07921219291165
"GU11621",9.66011644573882,2.74601957760751,0.659003108739853
"NJ20775",1.50984983891249,6.37733867391944,2.88029306335375
"EA16529",8.27438544016331,9.6319986670278,2.11175843374804
"AS14387",4.18559656711295,5.22700597299263,1.02768121287227
"SS10571",3.22224372299388,9.69137804117054,6.94538070820272
"YC17862",2.4007579847239,1.46415036404505,0.14963406836614
"UO12740",8.38419411797076,3.59303813194856,5.82129176007584
"DL19072",3.91007266473025,9.22470515128225,0.764034006278962
"QT18011",4.78481755359098,3.03163702134043,2.46441347990185
"NT19837",1.94192972965539,2.50989499036223,7.09735391195863
"IY19731",2.09406116046011,3.74450351810083,0.519497455097735
"II15173",5.21755174966529,8.39154570829123,3.43057670397684
"KC14085",6.23653288930655,7.52355365781114,0.244614873081446
"IG15684",1.11737149069086,5.48506178427488,2.54473464563489
"DS10170",2.55132330115885,2.74649791885167,7.91815358446911
"JC15091",2.65406442107633,6.10087888780981,2.38703000824898
"PI15807",2.81868603779003,1.7544930242002,9.98450712766498
"KJ12386",2.80019022291526,6.02878691861406,0.534087754786015
"OB16013",5.37235096795484,4.0410732710734,3.93078405875713
"QL15825",4.51376206008717,8.9862347044982,5.66670642467216
"QR10112",9.95375471655279,0.294130425900221,9.26847553346306
"TC12294",9.94828657014295,0.941061791963875,4.83523599803448
"HU14858",1.19739555753767,4.48955813189968,4.94395879330114
"MU13180",9.69835759140551,2.46543985791504,8.18880261853337
"RC20699",0.588402401190251,2.10460272384807,7.90436500683427
"QY19812",3.23277327232063,4.53444621060044,3.11375119490549
"QW18258",4.82841865159571,2.33691630885005,5.81455976935104
"BC10404",0.311526118312031,6.67545417556539,0.53178490139544
"ED19746",7.55489037372172,7.70809567067772,5.53479177411646
"PO16398",7.30708393268287,2.3904399597086,7.77025371324271
"OP17308",5.31942823436111,9.67502331128344,3.70964232599363
"ES18560",7.97675838461146,4.60179815534502,0.103116629179567
"RH10242",7.02342869015411,1.96916750632226,6.2375054648146
"ML10406",9.29143482586369,1.166049875319,1.87168618431315
"LF20879",2.8234998555854,0.19294252153486,0.17083598067984
"RF20611",6.58842942444608,7.313230575528,3.55473249685019
"YQ12947",5.27266024146229,6.0252662980929,0.158766561653465
"OT19115",2.14992751600221,1.04661423014477,6.64652133826166
"JW19956",4.95807784143835,6.24861993826926,8.10449507087469
"YB19036",2.98906683688983,7.35926653025672,2.28982750326395
"IL11559",3.80605358397588,7.29742833180353,5.24712637532502
"JI12354",3.22904193308204,0.187171320430934,4.74139414029196
"NP12811",6.82677400531247,3.23229788802564,6.51553088566288
"DQ13971",9.8188364924863,3.66344992537051,8.83882967289537
"AY11105",4.48170482413843,4.26735156681389,1.66509857634082
"BR19848",2.23586174892262,1.76039670128375,7.70387562224641
"SR15379",5.50618110224605,1.78829798009247,2.51109476434067
"KT16999",4.67562278732657,6.46383094135672,7.67261337954551
"OG12347",6.52971645118669,9.47234914870933,7.7766894409433
"ZV19502",3.33704848540947,3.10827129986137,6.4217410213314
"YP19009",9.14544755360112,8.86551815317944,2.41829489124939
"KJ13518",2.70283129764721,5.14851008541882,8.35663173580542
"RR12748",1.64495809236541,7.65738790854812,4.39698250498623
"EJ12639",8.07012096513063,5.97491366788745,8.61910111270845
"ER17364",4.36806195415556,3.19673230405897,0.545319002121687
"FU17870",1.72432134160772,5.6255817040801,6.28232728457078
"EO11348",7.72135219769552,5.99908527685329,4.35548335779458
"AF20107",7.90099454112351,4.39132899511606,4.34797817375511
"RY12751",3.4471235377714,1.14610880613327,0.487804606091231
"OX16894",8.92367101507261,4.52924029203132,1.88916641287506
"XF10874",7.36971333390102,4.92552164010704,2.77449630666524
"OT13735",9.62795436615124,8.66330513730645,5.33415435813367
"GZ16479",6.1504597729072,9.20680231414735,3.20765665965155
"MI18235",5.58510557049885,3.86893024900928,8.9455506275408
"YY13320",5.21349829854444,0.457376146223396,7.32931838138029
"MI10615",9.65470574097708,0.25118513032794,2.45549647603184
"YV12912",5.89173362124711,8.62442640587687,6.91251932643354
"TR15326",9.98382821679115,6.11299362732098,3.41532579390332
"WQ14471",0.623218186665326,0.769715500064194,6.99052303098142
"TC19431",5.68801145767793,1.8824502453208,3.58188887592405
"HM14331",6.46116435294971,1.62044220371172,9.26617876393721
"NA13140",5.58940066490322,7.14047586312518,8.94432362634689
"RF16085",4.57575741689652,8.21211505448446,5.65102373482659
"ZY14282",1.92884557181969,6.1416726722382,6.98212543735281
"LN12233",2.63261505402625,3.7757616629824,0.376242278143764
"HE12470",9.28787136217579,5.34658553078771,3.4008492785506
"VC14291",1.19335615774617,1.32069362560287,9.17988796718419
"LZ19807",1.54274238040671,3.5434503480792,9.3668722268194
"NA17466",9.83209163183346,6.93644586484879,7.81691895565018
"YA12897",7.73545472882688,0.84934413433075,0.964938465040177
"PD18584",6.48962987586856,6.45535074872896,9.78138736216351
"JI11945",2.43735719239339,8.19335791515186,4.18006227118894
"ST14018",1.2113726278767,9.33055622503161,8.28855341300368
"UZ17803",3.81737787276506,4.069129510317,8.05169320898131
"QZ13539",3.06893083732575,1.86357477214187,1.58186021028087
"JE10141",5.19662130158395,8.17462170263752,8.86707206722349
"DF16640",2.76978753274307,1.35571980150416,1.71716154785827
"RM17723",7.2265634778887,4.80078154243529,7.72086404729635
"DV12576",1.88905795337632,3.64828163059428,3.57272800989449
"ZX19474",6.71960007864982,1.17148424033076,5.64431754173711
"IW20558",9.05766239156947,7.06281921593472,2.5627313554287
"GI17368",1.83075246401131,2.61939424090087,3.71834366582334
"MC19499",6.66774621000513,3.88056555995718,0.552902596537024
"ZL16656",9.73247705027461,6.69196710921824,3.4736420493573
"RW19187",4.17447165818885,4.7677923226729,4.49930844828486
"LU10301",2.41021561902016,7.85340196220204,5.73547046864405
"CW16148",3.30991646042094,9.50776417274028,0.138706711586565
"KR14868",2.78347210027277,5.46670598909259,1.06381668942049
"MH14204",7.20843547722325,2.21381225157529,6.36883982457221
"AN15979",8.8195590255782,3.55132984695956,6.6369511722587
"RO17490",3.4698028024286,3.23885794496164,4.04581632930785
"VN18771",0.859684967435896,1.65664559463039,4.8356769955717
"EV17585",2.92805252829567,3.67193373385817,7.4291646364145
"QF18616",1.7306473525241,0.606512576341629,9.33067873353139
"MB10572",2.43947956478223,5.02791714621708,0.692809342872351
"WI13001",8.48717719316483,3.6342790373601,1.97226149961352
"UE15295",2.25942338583991,4.70540227368474,2.85412123193964
"PF18867",7.96407904708758,8.98413666523993,0.681109251454473
"LM14931",6.73715172568336,9.63928553741425,9.25365672213957
"ZQ16962",6.17561298888177,4.49360749218613,9.03475108090788
"NJ20733",9.08949149539694,8.67569808382541,2.01448709703982
"FZ12909",1.30518548656255,9.80072342325002,9.0847211657092
"IN16288",5.53857091115788,8.74970239354298,8.32785124657676
"JD16710",5.76713530579582,6.43374828156084,1.39760224614292
"ZY18938",0.350524908863008,4.31738702813163,2.40127220517024
"DR17214",8.4169516665861,1.41971673117951,4.69421623740345
"AL11115",3.21427959948778,9.29415045073256,7.55758432671428
"SI15728",2.95596749987453,8.2750886445865,6.27330281073228
"UK16657",6.36775789782405,4.83557562110946,4.2265403131023
"XY19806",3.51262520998716,7.72246197098866,0.844186865724623
"GB15407",9.8865981772542,0.73328492231667,3.01483461400494
"KU11709",7.19982932321727,1.51672805659473,7.14924914296716
"DD15550",8.31418268848211,0.036500901915133,5.86219769902527
"GL19042",9.57716933917254,2.274548583664,7.07674394594505
"WT18212",1.28219597274438,6.77806850057095,6.88846690114588
"XV14137",7.60388171998784,6.01652681827545,0.908499043434858
"ZT18491",0.756354432087392,9.99273795168847,1.05430317809805
"OJ16119",5.41659862035885,4.58481298061088,4.70465077552944
"PF12659",1.61366638494655,1.97373464936391,8.01633554743603
"IQ18683",3.77196297980845,9.5241158362478,3.50192900048569
"PF10167",8.03167852107435,2.12376466020942,5.43481264030561
"GO13604",1.4103519055061,8.11915448633954,9.31107012089342
"QV13800",7.50143532641232,2.96030707191676,3.77349980408326
"QS18908",3.47256175009534,5.84621578454971,3.95167904673144
"WJ19611",1.84819890186191,3.11603499576449,4.79208587668836
"ZO18958",0.589889446273446,5.28785845497623,3.75893267570063
"FA11362",5.87998517556116,1.86295313062146,8.75702559482306
"DT14352",3.12316513620317,0.664851802866906,9.95328258955851
"BO16497",4.9936162494123,4.98453768435866,6.85790627030656
"JM15035",2.97788993222639,6.58895868808031,9.66575504746288
"BI10549",5.66202071728185,6.61225572694093,0.0988731905817986
"VI13257",7.02048036735505,0.670986685436219,1.14744121441618
"XY19012",1.379113139119,2.24457239732146,2.99075600225478
"LI12423",0.806725325528532,1.04003681568429,0.802815670613199
"UR12314",4.27496121264994,3.85991158429533,0.781395321246237
"XF15280",4.84987132018432,9.44607008248568,4.07146168639883
"WM11443",9.90433681290597,3.48698236513883,1.80611690273508
"ZG15335",9.47972830850631,7.59363328805193,4.22034497139975
"JD19236",1.53671408537775,4.42767259432003,8.30373681150377
"XU20749",0.343534296844155,4.22163216397166,7.11071875412017
"RP14708",5.27123030973598,3.35147677920759,7.33591180061921
"JI11870",5.96347818151116,1.62595390807837,8.86901741847396
"XM20926",4.113612070214,7.56177313160151,5.34850590163842
"SD11320",3.52847004774958,1.47054519737139,3.81555895088241
"ED11356",6.11074185697362,2.7409646473825,5.56873173685744
"HQ11022",8.09504170902073,0.358999148011208,8.08406851254404
"ID10221",7.71996659692377,8.81700409576297,0.197750078514218
"JF15569",7.73600199026987,3.48657351685688,8.66095179226249
"IG13653",6.06645081657916,3.4707297757268,6.76138339564204
"BQ10942",7.54849967546761,2.35033353790641,4.20876254560426
"ET17443",5.52345275413245,7.30014686007053,2.66993527067825
"KP11480",8.59851019922644,3.08341063326225,0.275424353312701
"JQ17798",5.73419996537268,4.99152461998165,7.19704726943746
"RF11191",7.76387109188363,4.36357675353065,6.54087639879435
"WD18469",4.7835282376036,3.53738418547437,5.26637572096661
"ZM15995",0.347522750962526,1.57145015895367,8.39258884545416
"MK16961",3.73862675391138,1.86151852831244,7.53650788916275
"AH17068",0.618751242291182,0.362332232762128,7.53738525090739
"OM13601",6.98736931197345,0.485779391601682,4.86595133785158
"HS10870",6.89829022623599,0.224109669215977,6.15256689256057
"FB15500",9.36202754965052,3.14218577230349,8.4023253316991
"UD15011",1.01383667439222,1.14677428500727,9.93162978673354
"OL14677",3.90434755012393,6.42730980878696,9.03892816277221
"DW18219",2.86094417562708,9.40876326989383,4.7364297718741
"LB19455",8.24088153894991,2.54933389602229,2.72305852966383
"LS17438",1.34918266208842,1.04052771581337,9.0663375868462
"ED15226",7.77750595472753,0.0950416852720082,9.87778063863516
"DW13063",6.20693252654746,8.13881918787956,0.436659082770348
"FC14847",0.0983269652351737,4.91544365882874,3.07108108187094
"RQ14977",0.114066461101174,7.86806924268603,5.02171013271436
"XV16670",4.66764171142131,7.91934205684811,0.194733024109155
"WM15241",0.511150516103953,1.88945492962375,8.5289902263321
"BZ15080",3.62528439145535,3.83469064719975,6.78832297213376
"BT14719",4.0286330296658,9.53082342166454,5.62842497834936
"AO10774",5.69795598275959,9.06812373548746,3.64879259373993
"BM13497",9.64676717063412,4.51279083732516,0.73055200278759
"QP16337",3.26411213027313,7.03159897821024,1.02815694175661
"QJ10711",4.81941275065765,0.610413919202983,3.40744644403458
"KD13745",4.73293318878859,3.32258604932576,3.16001883940771
"HZ11865",8.13756136689335,8.87602589093149,7.50857714330778
"WU17905",9.84563180245459,9.31492048082873,6.20415326906368
"FK20065",7.9028453421779,3.44037645030767,2.74935813620687
"TU10480",8.08784233639017,2.05687519861385,0.129048959352076
"HZ15522",7.90993952192366,6.6545327892527,5.23589617339894
"XQ17447",9.38920676941052,9.08192256931216,4.85259523848072
"NN13744",2.13151899632066,5.39608770981431,5.78170258086175
"LI16184",3.03204991389066,9.24383596749976,6.52664142427966
"RA15880",2.032811997924,8.75703955069184,1.46275715669617
"PS14931",9.13244852563366,7.95404659816995,9.44165947614238
"UA15931",9.25237462855875,9.05187186785042,7.10809181211516
"HD19277",0.327597421128303,3.32060978282243,7.18359075952321
"HX13619",7.73798238486052,8.624899671413,4.37699400587007
"MO10283",8.59723535366356,5.06365984911099,1.16436749463901
"VD16263",8.84900599950925,4.58686304278672,7.42293742718175
"XT14073",4.85331854782999,7.77946297079325,8.27288414351642
"HR18475",0.175484186038375,6.44920860184357,3.76658580265939
"NG18319",1.90521785523742,3.28298868145794,9.21614090213552
"BQ14919",1.52639847714454,6.75963541259989,1.34251075331122
"PR12463",3.7602918012999,7.22221178235486,5.67286801990122
"QU18638",0.189903355203569,3.77265728078783,8.90529863303527
"DO10761",6.11091495724395,4.62259438820183,3.16798109328374
"IR19925",8.94550105324015,4.8575588921085,3.44651310238987
"LA17512",4.17943764477968,3.5795800271444,5.97345968475565
"AO11824",1.29563897382468,1.9580125506036,1.48763843346387
"JA13067",5.24588740197942,3.2001844025217,1.52254190994427
"KD16562",8.43661821680143,4.88495686091483,4.48604440316558
"WB16694",8.25190665666014,2.55934954620898,4.49863683898002
"YV13239",0.416822736151516,9.17935056611896,4.98165586264804
"QJ16267",0.455367476679385,5.37118405336514,2.58989077759907
"DI14371",1.65367540903389,6.10505968797952,5.59760474367067
"ZZ12600",5.31379693653435,1.13730926765129,5.46519627794623
"WV17471",9.62046949891374,6.28470554482192,9.06348909717053
"SA18715",8.41445261845365,9.0380191616714,3.82714602863416
"RI10576",1.49207313312218,5.97260137321427,1.40649722656235
"PN19153",1.14436526084319,6.53783787274733,1.02640654891729
"WO10465",7.42064125370234,9.93637202074751,8.91179458936676
"PL19657",5.05978356814012,0.229327764827758,4.26526739262044
"QP12564",8.98704355582595,2.77087341994047,3.3477345877327
"XE10841",2.25754393031821,0.971284827683121,9.37445533229038
"DX10477",3.88626986416057,7.53351524239406,5.9627677523531
"OQ12389",5.80971414921805,3.64304839400575,4.20235462021083
"HV13274",1.75383253023028,2.71106501109898,3.94001775886863
"EH15967",2.42175860097632,3.44790631439537,1.09368855599314
"CF17287",0.724204631987959,9.44471597671509,8.25180881889537
"IW18982",1.66516923578456,6.92318592220545,4.27236247574911
"NH16094",7.61580808321014,0.220874154474586,7.93961301911622
"VV11933",9.16459352010861,8.79588048206642,3.54243813082576
"LS19907",1.17728512967005,8.60370323527604,9.82677392894402
"KK14015",0.640244551468641,0.913544851355255,0.707274433225393
"HH10451",4.34107278473675,6.83640943374485,3.11124326428398
"MZ20923",9.70346798654646,9.51104494277388,4.54410725273192
"RC16186",4.46974374819547,9.38400494633242,3.84606565814465
"EN20864",9.71333960769698,5.81487423507497,0.0851434865035117
"ZG18585",0.0872815074399114,7.13101214030758,0.772124817594886
"XO18741",0.98205782007426,7.31354188174009,5.81705641932786
"EU16378",6.25250396551564,4.11852311808616,4.29060346912593
"LR10945",3.86657000752166,5.1766601158306,7.33734295703471
"SY12879",8.479122845456,7.80315439682454,5.24451500037685
"VU20992",6.0670128185302,9.6299810311757,8.94434046698734
"HL19078",2.51321215881035,3.26836217660457,8.95427289418876
"BV16488",3.55184577638283,6.67628410970792,9.220926691778
"AY19423",7.41919713094831,2.40206797607243,7.25694518303499
"FJ19025",6.66587829589844,8.48908327519894,2.04272477887571
"FK20457",5.74077501194552,8.27828971901909,5.85453844862059
"EF17487",6.60668615018949,4.21241956530139,8.09688466601074
"YL19726",4.92790849879384,8.46443623537198,5.11926011648029
"VD19317",3.71734573040158,1.13481278764084,1.51027653599158
"DL16860",8.35941883735359,4.58040946628898,2.28956811362877
"UY17587",6.41470422968268,6.97228381875902,6.84753200272098
"LE14257",7.66419150866568,5.70331465220079,0.19068262539804
"YC14627",2.47303220210597,7.71240364992991,4.47267791489139
"QX16210",3.61185406101868,7.36131768207997,1.94523997139186
"TY11533",6.65868303040043,6.0094658844173,1.43351740203798
"TO20747",2.02723179012537,0.988578265532851,8.51340763503686
"AD13085",8.42057184083387,4.24588912399486,0.496668529231101
"NM11483",6.53171879705042,1.70644099358469,2.02470334945247
"MO17274",8.08565834071487,4.22120914328843,3.76442601205781
"DD17445",6.86085964785889,5.44477669522166,0.93939297599718
"HT18932",4.54558063996956,5.83078069146723,9.70889062620699
"BK10139",6.37119116960093,9.57045082934201,9.19365428388119
"WS17507",6.00970966974273,2.35882099019364,5.27724123094231
"XG13154",9.23488244181499,0.0547441141679883,4.67636971967295
"NI17483",1.08850520802662,8.35512863937765,4.41300398902968
"DV20323",7.00337260495871,4.02727025561035,4.52773320954293
"QO19165",8.47369563998654,5.46208535786718,9.0697009023279
"CD18958",9.07740001799539,9.91743765771389,4.58339571021497
"WJ16216",6.24028811464086,1.95222505601123,2.50017083715647
"DF18497",1.13666932797059,9.68941092258319,0.00308730872347951
"JY12422",7.31206363299862,6.0305182216689,9.11793002625927
"BF18244",0.491971522569656,1.52440287405625,0.0451485230587423
"EX10248",0.852776176761836,1.85110330116004,4.79748300975189
"VF10374",2.18750228174031,7.73560120491311,0.67426044261083
"ER15523",7.89201058680192,7.97113239765167,3.87819678056985
"YZ10791",3.18844184046611,4.31913681561127,1.63773067994043
"RE19987",3.85779904667288,8.12399733578786,0.920949731953442
"MI11954",5.41466837050393,4.86793732037768,1.02962200762704
"ZC17584",8.24181425618008,3.24429939966649,3.14078795025125
"ZS20524",0.814276565797627,0.836337751243263,3.36944080656394
"DP16055",3.74475148506463,9.25142323365435,3.71195081854239
"AD17042",0.413379550445825,8.79140582866967,0.794835409615189
"FI14753",7.28350358782336,6.40298675280064,7.22126085311174
"WZ16193",4.27932266378775,1.39427924994379,4.25779104698449
"XV11179",3.114914749749,4.09166870871559,3.2015597820282
"AU12599",3.45206146128476,7.11275509092957,6.28140624146909
"HV11497",7.09459377918392,5.25436628377065,8.30612249905244
"XR16027",2.32098000589758,5.56462372420356,2.5135440309532
"GR18856",6.10426668543369,4.11518407985568,4.88520075101405
"LP10803",0.939010861329734,5.89429426472634,3.67210530908778
"AN12299",4.91244854172692,0.46063611516729,3.99683486670256
"PK19187",7.96735778450966,4.29257347946987,0.830323118716478
"PM18831",4.25181102007627,0.528166894800961,1.72081167809665
"NA16452",1.23671695590019,3.33551993360743,2.85913095343858
"VA11087",5.10353582445532,0.107070133090019,3.83524874458089
"BS18746",0.95060960855335,4.89875994622707,9.47434302186593
"XH18651",4.04153721639886,7.87070875521749,7.20295333536342
"QB10180",8.94978983560577,2.07070929929614,4.05138300731778
"ZT19977",5.21141475532204,8.84970912709832,4.60857447702438
"WE10739",1.65845580631867,2.30632751947269,1.26124151051044
"JI18775",8.1411819672212,5.55871092714369,0.219457743223757
"UP10546",3.39142497628927,2.78330414555967,7.1162210800685
"AU13713",0.292496155016124,3.15128897782415,8.73995699221268
"ET19961",9.85343776876107,7.39737760508433,8.81101460428908
"JE11821",7.9222243046388,8.73306108172983,0.905328178778291
"PM12924",5.00688569620252,6.5465688961558,5.64013047143817
"SL19754",5.20210161339492,5.86638007778674,4.8449586215429
"CI15193",8.4158467897214,4.47683510370553,8.91117801656947
"KR10852",1.50664228247479,0.645196223631501,9.04312405269593
"BD16652",5.92398524982855,5.83490270655602,2.32450563227758
"CX13601",5.24996520020068,6.62303957855329,8.84526517475024
"BX19330",7.33115420676768,8.48856882890686,5.53589439718053
"GE18372",0.362964984960854,7.57600002223626,2.41488364059478
"CP12307",6.23684496385977,4.20758333289996,9.19634296791628
"ZG20581",7.76769029675052,1.04011486284435,4.68931172043085
"NV14142",8.91191015252843,9.77025585249066,9.50544653460383
"IY12841",4.181571113877,6.38791343430057,7.49961646040902
"NZ11391",5.38926229346544,8.80961102899164,4.39938748022541
"KO16272",3.4627605159767,3.58547379728407,7.19405387761071
"UT12725",8.17964803194627,4.50326222926378,3.75488956226036
"NI11518",8.90101443743333,1.98933790437877,8.42448328156024
"YC20231",7.45593487750739,5.13972685439512,0.376599535811692
"CE12808",8.14060903154314,0.0730826403014362,8.35931025212631
"LU19839",7.64651201665401,4.7099082916975,2.73115853080526
"JP19194",4.2922396119684,5.92277895193547,6.77866355516016
"FR12215",2.02293588314205,1.40941029647365,9.34326751390472
"CN17404",1.10605438007042,8.8280270062387,7.4878225964494
"SN17659",1.00241405656561,8.11649903422222,7.69044416723773
"KZ19882",7.33271101024002,7.05410301918164,9.09215914783999
"JC14340",5.05417363718152,6.2303504627198,4.42171975737438
"DT19267",7.2953292587772,6.77814572816715,0.0854919641278684
"WB14563",0.458054603077471,3.22233059676364,7.16767942300066
"AJ18310",7.14131236076355,4.75936070550233,9.94029032997787
"QV16257",6.4392290613614,4.89410843001679,2.77876533800736
"RA16537",4.46380223613232,8.85627341456711,1.8637784011662
"UH12072",5.65820809686556,9.65957439737394,9.45504258386791
"EA14637",3.36068118456751,5.45523266075179,1.66711267316714
"HO11270",8.35896558361128,4.47406482649967,0.317297934088856
"IJ19393",1.30755877820775,4.23221111996099,4.32809848571196
"YN13049",2.05766069004312,7.01258782064542,1.78564065834507
"CF10930",4.20087390812114,6.88851235434413,1.83727369410917
"CO17694",9.37713432125747,2.99538958352059,9.64981985744089
"AW13586",5.0922537362203,7.14292064774781,3.41724491678178
"IK10282",3.91835618996993,8.65787770133466,4.4996678410098
"TL20468",2.46976811205968,2.73463874356821,2.28336786152795
"VG15388",3.29914841335267,4.90462789544836,9.77356089279056
"KW17564",7.61420038994402,4.35778537765145,6.63923193933442
"CA12396",3.61232932889834,6.29989224020392,6.1576565913856
"WB17974",1.69591368408874,4.62306774919853,2.68941166577861
"NA14714",7.09190274123102,4.51659277547151,9.34559672838077
"BB19413",8.99605624843389,6.13649360369891,9.72349942894652
"RY19668",8.88715881388634,0.935749865602702,6.11861795885488
"ZM11501",3.47157021518797,2.49287441605702,1.88523039221764
"GQ13089",4.97135842451826,3.39999159798026,4.08522634766996
"JZ20332",3.06609476218,5.01099852146581,0.94713551690802
"QS13519",7.82061946578324,0.656418455764651,5.23543104529381
"YT19650",2.7176921069622,3.59913441119716,9.9717259593308
"XY19163",5.64005521824583,1.95195369655266,0.17696448834613
"PI12649",8.79733976442367,2.42155253188685,1.0670340876095
"SW11756",0.287308504339308,2.29133665794507,8.83263964671642
"IR11621",2.58302098838612,3.18225296214223,0.982922692783177
"EC16439",6.50469263317063,7.45264142286032,3.86591291287914
"QJ14219",6.39315959997475,8.59649552498013,1.76146723795682
"NH17651",8.62302696099505,4.65836408780888,6.97387994267046
"XW17017",1.37317485176027,5.33863198244944,7.38891586661339
"PJ19751",1.14046687958762,3.38348940713331,1.16561542730778
"PF13608",1.27442649565637,7.34963635914028,1.62141933338717
"NV15506",8.7030315422453,4.74229150917381,8.03916783304885
"PC17844",9.77069130865857,6.23019351391122,7.71309736184776
"TJ19377",8.6285266908817,4.52140781795606,8.92437384696677
"NG19502",5.31901125563309,0.869674377609044,0.556140502449125
"JB20287",2.11444054963067,2.38287642830983,5.40027069393545
"IU19527",2.15657429536805,1.5950758382678,4.79615948861465
"VM12722",8.03769005695358,4.27321560913697,6.99018348939717
"PO11926",5.13681770302355,9.87523028394207,3.33727155113593
"AL20687",7.04430680721998,4.80271178530529,5.91347265290096
"EI14298",7.76401432231069,8.83054449688643,2.12908302200958
"LK18233",8.14071697182953,8.26555342646316,3.65941826719791
"DK10725",6.56348005170003,9.16354979621246,2.62983530061319
"IZ18371",9.28381070028991,9.9902179534547,2.27921967161819
"RZ18613",1.16611149627715,0.709518319927156,1.87158896587789
"YK11631",3.31804591231048,0.44976377626881,9.02532792882994
"SG11423",2.46724661206827,4.48982606641948,7.38519268343225
"MZ10861",1.09710701974109,4.8274754290469,2.1064624004066
"QX12247",3.05008822353557,7.75594484061003,8.83189915446565
"CE19326",9.45322975981981,8.53124808752909,5.62026866711676
"YW17749",5.52380855195224,2.61530960910022,0.458501239772886
"NJ10968",8.63445022376254,8.73809375800192,9.53758154297248
"NU15205",8.69971856707707,2.48883747961372,8.3883590856567
"MV10235",4.01523807784542,1.42933356110007,0.652366012800485
"CQ18568",0.0367337837815285,6.26076224260032,1.68515840079635
"OM19140",1.96969579672441,8.1733190221712,9.88892608555034
"IJ15390",7.8780645201914,1.13305557752028,6.89826539717615
"EA15114",1.7959126085043,2.12663798592985,8.69471785146743
"TW19620",6.67908535571769,4.124676422216,7.85190871683881
"XW15305",2.37099903170019,8.27255029696971,1.5866361791268
"YH15514",1.78721901960671,9.52963331714272,9.65644615935162
"FI14976",0.81317218253389,0.585556502919644,9.111624204088
"EN15055",3.18479069974273,1.00424425210804,8.22749494574964
"EI13153",9.53855572966859,3.74455956974998,1.50945469504222
"EF11945",7.15508042136207,6.88974058488384,7.15370931429788
"JW17709",5.46789068961516,0.102393911220133,9.69495808240026
"IW10689",1.31751493550837,2.66340621979907,6.45443234592676
"LW19478",2.02833666233346,6.23865608824417,1.84118260396644
"NH14667",5.85728556150571,9.98665523482487,7.67141797579825
"YN15336",0.222414988093078,7.08481792360544,7.05061775865033
"AN15120",2.56069655297324,1.99173038359731,0.682476086076349
"MH15173",1.46361925406381,6.64069182006642,6.86280094319955
"ZE12468",6.20683681685477,1.43392365192994,9.20371653977782
"KI17071",4.1330763627775,4.33335430687293,8.74113559024408
"UM13514",9.69149653334171,9.50973359169438,5.71930910693482
"CU17521",1.25562095316127,7.055641382467,5.90147912735119
"WB12850",4.06339583685622,6.97220192290843,1.63491205545142
"IR12199",7.38358367001638,1.45151957171038,1.74260954372585
"SJ19505",5.49378266790882,6.28276985837147,6.3730236585252
"XY18507",8.77377028344199,9.98347775312141,8.11267299577594
"YC14815",2.11572822881863,6.62713397527114,8.22500032605603
"IX10877",0.950655040796846,9.03962071985006,9.08050846075639
"GC19060",4.89559691166505,5.3279292746447,3.18690154934302
"CK17863",9.20878767268732,1.50138959288597,4.48432620381936
"ZC12426",5.36499676760286,7.00570572866127,1.47556565469131
"XP19831",9.42988893715665,2.72020086180419,1.55987826408818
"CO15465",5.33494508825243,3.51022392045707,7.74835348594934
"RS15405",0.0169781316071749,7.43918593740091,5.08802099619061
"HK20658",5.02124799415469,1.66951891267672,3.64245228935033
"OO14609",9.60032785544172,7.10882714949548,9.85730100190267
"AC11895",7.91520182276145,8.27451389748603,0.580260276328772
"PI13171",9.24632486887276,0.616780484560877,1.47263498976827
"PP20774",2.89232218405232,0.0878216535784304,1.76747684367001
"HN17541",0.322629315778613,8.30943631008267,4.89440144971013
"DG20180",1.90120747312903,5.50667216768488,8.62390960101038
"UW18752",6.15916635142639,4.78942452464253,2.45216730982065
"IY16122",8.10362851945683,0.348962680436671,8.13513120403513
"OR19961",4.81142257573083,0.561872343532741,3.02834668196738
"ME14914",5.28789733303711,3.10368082951754,6.63227144861594
"FA14665",1.10395774943754,9.55811615101993,1.96091727120802
"RG13772",6.7980224150233,8.69144003838301,9.71333611989394
"JZ17998",6.67077575111762,9.86000872915611,3.41564122587442
"WA10690",3.20938111050054,8.27490464784205,1.17850576294586
"EH20567",1.66858608368784,1.61312866257504,4.43360389210284
"XB17330",8.52960777468979,5.9881184110418,7.6545513770543
"ER10981",7.83213373273611,2.72008149884641,4.03854299802333
"DF18835",1.20687585091218,2.41394074168056,8.93736989237368
"YG16598",1.97625280823559,9.97886850265786,5.52253390429541
"AT19162",0.550092884805053,7.6025736820884,5.08562576025724
"PU14833",9.57899284781888,6.33491510059685,3.86137082707137
"JM11439",2.00566607993096,9.30182585725561,5.72849308839068
"RC16727",3.09110165107995,5.64177194377407,0.987864877097309
"QV14878",8.17641169764102,9.55209815176204,5.43625778052956
"HD14519",8.20480878464878,8.15920736640692,9.85168056562543
"ET19181",5.69215312367305,7.97179509187117,2.77046963339671
"HV12484",9.18328235158697,5.34556810976937,2.0406786352396
"EW19247",8.37489892728627,6.63392485817894,2.85521881422028
"WI11460",9.60625135106966,9.6902899374254,3.00015738466755
"PF11416",8.90769367804751,7.40325720980763,6.50715859374031
"FX18241",6.97871041717008,2.72593586007133,1.95254184305668
"NQ18174",1.40917629003525,5.04836930660531,4.3166001746431
"YL16714",8.43799004564062,3.10764951631427,9.53376665012911
"OI11996",1.60287122009322,3.99211993208155,1.09543483005837
"GD19322",3.38905131444335,7.56569324294105,4.38317786436528
"HE17299",1.79828663356602,7.95954652363434,1.88278492772952
"DV18639",8.66059713996947,5.42366845998913,0.011331713758409
"JG16828",7.26814940338954,9.12920285249129,6.70727386837825
"LL13847",7.29458989808336,0.339433252811432,2.8989819670096
"CK11872",9.82462171465158,4.46359327062964,5.84751125657931
"KW16130",4.39839671831578,2.86971614230424,2.48120855074376
"TS17857",1.98718854924664,8.61972774146125,1.06806808384135
"CH11447",2.71988919004798,3.43911902280524,0.33468498615548
"DK20608",2.63034932082519,7.63025057734922,8.83716423762962
"QQ15204",2.93595043942332,3.03263048641384,5.68441222188994
"AU11664",5.06964433938265,5.26708737714216,4.0056253131479
"SG20820",1.06168888742104,6.89737954642624,5.29069504700601
"FA13394",1.52731158072129,5.1032858947292,7.56838816683739
"IY17022",3.60849457327276,9.68239567475393,1.2322188122198
"IN17161",6.66318277828395,3.44892174238339,5.65775972092524
"XO18600",2.5697382632643,8.49821747979149,2.62886072508991
"FS20819",7.13161426829174,2.98778799595311,4.61290301056579
"CI16776",0.214849777985364,8.29041136894375,4.81232005637139
"QN20744",1.88712906790897,4.9832517420873,7.62167130364105
"HC15691",1.47921646246687,8.48976219305769,2.12890134193003
"YT12608",1.99779351474717,2.8531723911874,1.12154223490506
"AJ12442",0.78306861454621,2.80657721916214,9.19447754044086
"EE16316",0.545538323931396,3.3015982224606,1.91045680083334
"RZ16136",2.87749566137791,2.61934200301766,3.38181464700028
"ZX19201",1.59435442415997,6.57515132566914,8.74239107361063
"OQ10276",6.9763632141985,5.62109568854794,3.34088800707832
"FR10833",4.06432943185791,6.65527298115194,7.50799341127276
"XS18423",3.16147552803159,0.77091883867979,5.25688459863886
"YW11460",9.40581578528509,8.94370595924556,8.0647781630978
"KP20898",4.92325663100928,8.83993594674394,4.38063751673326
"QG13357",0.620713389944285,7.27848898386583,0.288389471825212
"MA15353",7.05443969229236,0.606381006073207,8.75375064555556
"SX11258",3.98214414715767,0.70236783940345,4.40367579227313
"TO17250",6.84401468141004,6.75986218033358,3.2117326837033
"DZ19048",1.10165489837527,7.76549611007795,1.20932738063857
"PT13327",2.84933268558234,4.65568440966308,6.06623559026048
"VG19388",1.5720476070419,2.72395559120923,3.18749968195334
"DH19600",4.5437943469733,8.49348058924079,1.12155881710351
"MP14265",4.56064947880805,7.67156904796138,0.501139736734331
"GJ12006",4.21479995362461,8.1423124554567,7.54791737534106
"FB15622",8.30475220223889,8.65780668798834,6.52659759158269
"LO11904",3.75322169624269,4.11905196029693,0.873948149383068
"DG19081",6.87506687128916,4.07380643300712,2.19603251665831
"FY11198",5.81178120337427,0.456935537513345,5.31360746594146
"TR12892",4.16028992971405,8.14898384502158,0.636542264837772
"WR11566",8.02787382621318,8.42652030754834,3.06312638102099
"QQ15574",6.3702946389094,5.75503735570237,1.5529557550326
"EH15963",4.41282021813095,5.89922215323895,0.287762384396046
"NV19733",8.73596084536985,2.99192204140127,5.873085972853
"BY14279",9.18819952057675,2.64552851440385,4.68522129580379
"KQ12837",0.873316151555628,5.71445395005867,5.10979246580973
"TH17202",5.39424861548468,7.71752033615485,2.5370476138778
"JG11818",9.24847913673148,5.61412692070007,0.894739478826523
"NL10993",7.61926125967875,1.01819643517956,8.53943280875683
"QG20256",3.67041263496503,8.72939686756581,6.53956906637177
"WF15710",1.51017040712759,7.00511579634622,7.11556088412181
"SL19614",5.73692218633369,5.58025104226544,2.56710252957419
"UH18081",2.37464217469096,0.508118851576,4.21584629220888
"EJ10473",3.6529724765569,1.12182435812429,6.83887735707685
"ST17038",6.55771153746173,6.15852345013991,3.69108656188473
"QI20030",0.541892175097018,0.44374254764989,2.82386398641393
"RZ17756",3.39997763512656,9.02201893506572,6.5243878425099
"PE11009",1.4407260203734,2.15590031584725,0.159662384539843
"MQ16816",4.79084491496906,6.60553601104766,8.33495846018195
"EL17030",5.06885584676638,6.88982718624175,6.11359887756407
"AH16119",0.0574341253377497,2.93342118151486,3.77869271207601
"JE10591",8.09099069330841,4.28938164375722,8.63594685448334
"UJ20172",7.5675403047353,6.74490590812638,8.65596702788025
"PB17110",6.72386443242431,6.11193259479478,8.06182591244578
"TS18908",7.58552636485547,2.28167380206287,3.14958511851728
"IC13961",5.03109451616183,0.956467352807522,1.3681861339137
"XP16903",3.86413981206715,2.62716965284199,9.79353288887069
"HJ13581",4.72311958670616,2.27789937285706,2.5056009250693
"YR20397",6.99681814061478,6.30188179668039,9.46776435011998
"KZ14311",6.52278040302917,9.43582356907427,3.88160875765607
"LW15950",6.45447235321626,0.146196258720011,4.06038572313264
"VT17385",1.37917331885546,8.74953209189698,5.53794416831806
"XZ13793",1.33375357137993,4.08816781593487,3.9441712317057
"CC13327",1.90783221740276,7.01482184464112,4.38687747577205
"NR13799",5.33602656796575,7.44014877360314,1.47965204203501
"VR17710",4.3639835040085,0.718345372006297,5.21640596212819
"HQ16527",3.51820813724771,5.21097876830027,2.42438998073339
"RR13874",5.2308756718412,2.01408619526774,2.82580502331257
"VZ14841",2.87986082956195,8.36684564128518,1.33715982548892
"YF10124",3.38786297943443,1.01865558652207,8.25929344398901
"VU13261",1.0745023121126,6.38172974577174,5.28355194721371
"FA11458",4.0750728151761,6.25433891313151,6.87535352539271
"QY15034",6.39843999641016,0.813309091608971,9.43360200151801
"GI18213",4.5622181869112,3.42640916118398,5.96621126867831
"HX12770",4.3795893038623,2.9684936022386,6.66552509414032
"SG10316",7.99155226210132,9.35103530064225,9.18022874277085
"WO11071",8.75099732540548,5.73262176243588,1.47188658127561
"VD15112",6.26808752771467,8.74458502046764,5.38659531390294
"NG17255",6.23318283818662,5.50469238311052,3.96401590434834
"IX15491",7.67799097113311,3.95363607443869,5.76492443447933
"WA19474",8.1836077477783,2.04775713384151,9.90656472044066
"IR12200",7.72523493273184,5.59448248939589,8.99293739115819
"VU17919",7.01175069669262,0.403950163163245,0.724670398049057
"HG17331",7.45238315546885,2.91504748398438,0.868797935545444
"AQ20862",9.1104385512881,0.575642550829798,4.98659573961049
"LW19802",9.11225727526471,3.7351538403891,4.14337849244475
"BI15341",9.56304233521223,1.72261230414733,8.89267936814576
"GJ20616",0.978576233610511,0.2316251443699,8.64556055981666
"DN19483",7.59183231508359,7.03844780800864,0.495340975467116
"UT13951",9.46621067589149,6.51626321021467,3.10863925609738
"ZR16873",1.62336168112233,8.47730113659054,6.94247745210305
"FK10799",0.904214868787676,1.53525901492685,0.0415975647047162
"BN14936",8.4194075781852,6.8083231523633,7.87793001160026
"VG10711",9.58652697969228,6.15496413549408,5.18626581644639
"QP19395",3.90246439026669,5.6356706446968,1.0006465553306
"WV20131",0.554058961570263,9.1603250708431,7.17963665025309
"VD14182",3.02020621486008,0.126074554864317,0.144601992797107
"US14444",6.77416773047298,2.75511401239783,9.86525100423023
"RN12711",3.29855335876346,3.45223426120356,7.91798213729635
"OB11379",0.777898312080652,5.22009044187143,7.86860088817775
"WZ10060",8.11979849822819,4.99447721289471,1.88692878233269
"XR13314",2.10411411477253,0.572867020964622,2.7595504722558
"XX18426",7.55852551199496,6.32872044574469,0.457973673474044
"QU19858",4.66578541090712,9.04205261962488,9.12951878039166
"DB11233",5.59001191752031,9.90649463608861,6.18170411325991
"PH18516",2.35257975757122,7.79459629673511,1.11376462504268
"RA19476",3.46227784175426,1.15451137535274,1.24593844637275
"LB18095",0.832793402951211,3.499733756762,1.12011298770085
"GM17996",0.651335488073528,1.00234774872661,0.41983513860032
"FT18102",3.31052992958575,9.1716560930945,0.690574017353356
"FU10859",4.18547517852858,3.28832904109731,2.75981959886849
"PF17159",6.25873542856425,3.72148436494172,6.95429653627798
"EP15215",2.10472967475653,9.93560498114675,4.72633230732754
"LD16577",7.72835396928713,9.37683845637366,1.78940452402458
"IC11464",9.6821232070215,8.9815486385487,7.66955616883934
"SP19635",0.902950477320701,6.59564889967442,2.89459843188524
"TH18679",4.3593930779025,3.00815912662074,5.09904440725222
"DK10209",4.63364922441542,4.24864263040945,5.66217273008078
"MK17096",6.21777397580445,0.675768968649209,6.77107449853793
"DI10072",3.37633047951385,0.278115265537053,3.06942370720208
"OM17831",9.58059385651723,6.14336466649547,2.91680622613057
"SP19831",0.0272385985590518,4.42494112998247,6.32984308293089
"EZ20556",5.71275815367699,7.09822803037241,6.91993274958804
"GW19303",2.69388828892261,7.95198440086097,0.0947071332484484
"PX11797",5.63918982632458,5.58745949296281,2.30097225634381
"JU14212",0.03834048518911,2.30019291630015,4.02098689228296
"EM14157",6.19895238196477,3.83397676981986,8.86594376061112
"AZ13439",2.39959300495684,0.530095268040895,9.49362688232213
"KF17118",9.76389942225069,2.51716968370602,8.91738157952204
"FZ17546",3.74468126101419,2.46893947245553,0.695796958170831
"EU20732",9.12184629123658,6.17995424661785,3.80650537554175
"HN17388",9.55260942690074,7.42945492267609,5.35490489564836
"FL18253",8.67148972349241,8.86825296329334,7.96157209202647
"VD12207",4.29641674738377,9.62184088304639,2.88464394165203
"PR19284",3.0118071846664,2.06581903854385,9.46801186539233
"GB15947",3.6930861021392,2.86068410612643,2.75063229259104
"UT15225",3.07983547216281,7.12476302403957,9.29866785882041
"XE10360",9.39351330744103,7.92808565311134,4.78516892064363
"UX16133",1.25399422366172,6.2937888992019,7.32858268544078
"SQ13276",2.58181349374354,1.38000695267692,3.70235943468288
"NT20177",6.56560322502628,7.7295218850486,8.97937829839066
"UL14730",5.79648954793811,1.11803613603115,7.3252660385333
"EA16391",4.01309646898881,0.934958863072097,8.64434305112809
"RZ14551",1.09883072320372,6.11480994150043,6.08590601477772
"XP13959",3.31000446109101,8.02441734122112,5.68848629714921
"YX18734",4.44391914410517,1.6019869945012,8.84814801160246
"WI19850",0.725831582676619,0.409404938109219,2.23587337648496
"OI10869",3.7054452393204,2.67668280284852,5.92463573440909
"KZ20073",4.95966122252867,1.86290825717151,0.540711525827646
"JM15576",6.82296111946926,1.53982920339331,2.67739230534062
"CF10224",3.93654429120943,9.92588330293074,3.71905301231891
"HH20608",4.16987427975982,5.1704762969166,2.60975227691233
"GY10810",8.28801754163578,7.10477235727012,5.62242872081697
"HO11373",7.62820900883526,2.89733140729368,4.80616071494296
"YV13251",2.16482727555558,3.01166040822864,7.57129039615393
"UG13198",5.06637126207352,6.81517096003518,1.82732216082513
"DL12543",0.494929412379861,5.81289699999616,6.94248933112249
"RH11477",3.61591266933829,3.68543475633487,2.42226529866457
"IP15899",9.5250482019037,3.64252653671429,6.72568270238116
"KU12780",0.312737678177655,0.700253534596413,6.23245589435101
"ZH18574",2.24814664805308,0.0689408369362354,2.66791601665318
"JD15579",8.75728337559849,6.79553464986384,2.13520145509392
"HL10465",3.7998471991159,8.76290963264182,9.8732752725482
"SF10826",3.07515784632415,9.66819224879146,2.91408246383071
"GI20361",3.60334238037467,7.07963733701035,8.43938435195014
"AD17404",7.67412163550034,5.59601964429021,4.87745225895196
"MH10109",6.28037861315534,1.92067029420286,8.02976245293394
"VD15478",3.09324994683266,1.86234110035002,1.4465371472761
"GB16553",7.76060724165291,4.6447740518488,6.11443314002827
"KQ20928",9.09899381920695,1.55213565099984,4.96208206983283
"XY14200",4.77010577684268,1.25424513127655,2.5355187128298
"UK13961",0.873295066412538,7.37987087573856,9.68718111747876
"FU12023",8.21513917529956,2.36918441718444,8.98568170377985
"MK18598",1.50786336744204,9.22642060788348,3.63322884310037
"FT16082",5.46073097269982,0.493330797180533,7.01025164918974
"IK12632",9.98101531295106,9.70666161505505,3.45126876840368
"VG15735",4.14752235403284,3.89143095817417,6.26819362631068
"TQ10480",0.305920436512679,0.20080981310457,5.25733600603417
"PT12864",5.36126517225057,4.55473199021071,1.95553183089942
"HQ13532",4.70270966878161,8.8514749892056,7.23482824163511
"DP20233",7.14026306290179,3.39375840965658,5.19730416592211
"MU16779",7.21591847250238,4.05554890399799,2.95902983751148
"SJ11246",0.181792872026563,4.09760911017656,9.44420353975147
"XV11111",6.68094063410535,2.3918770509772,7.59496380342171
"PQ10807",6.97131220018491,9.6485828096047,4.98503947863355
"ZQ11472",6.27841928508133,5.51767564611509,7.12202901020646
"OO18955",0.815451829694211,7.11037028115243,4.06039016088471
"IG17473",2.80455153435469,5.57637268910185,6.7323198216036
"VA18686",8.01918480778113,7.19109728233889,5.25732369627804
"TT19825",9.41101407399401,6.6353189619258,8.99659035960212
"AO16995",6.9180257525295,2.81523770652711,0.20694974809885
"AU18974",7.9895857651718,5.14173322822899,7.86516575142741
"UI19690",9.52940959250554,6.05193645926192,4.65426043141633
"OR14653",5.87280852487311,4.26891974871978,2.20442487625405
"VG14366",1.10501591349021,6.39712432399392,0.465542289894074
"ZX15597",2.58629678748548,4.72352740122005,5.91801318340003
"IY19858",6.82842491194606,1.21765648014843,6.44130772911012
"PF20448",6.11200075829402,3.49551615538076,1.51203501969576
"JH19292",6.74929475178942,7.81367645831779,6.97418890893459
"AL18217",4.13680930854753,7.31342287734151,3.55539121897891
"DX15484",0.861932979896665,4.38663303619251,7.09449082380161
"XO12638",4.52569789253175,8.24146223021671,3.98537526139989
"YO20186",5.922432676889,2.90181890130043,0.493399784900248
"WQ14033",7.02112866798416,2.02778473496437,9.01074420427904
"ZP13518",5.51726363832131,1.46010945085436,9.96931170579046
"EM19437",9.09777625929564,9.73053676541895,1.2142714811489
"CZ16483",1.39884830918163,8.95937154069543,9.19154727365822
"OR18763",4.93815659312531,1.29728628322482,8.78135595470667
"QL13461",1.22683415189385,7.06910283304751,7.85405267262831
"KO13986",3.85005919728428,3.01688645267859,6.6254828707315
"LL17553",8.88745529111475,1.44750411389396,9.43069410743192
"PP12699",2.32198788318783,6.16494942922145,8.86273978510872
"JQ11034",8.38770257309079,7.85435921512544,9.68581113032997
"ZE18896",5.87035017553717,6.28447320545092,5.46947558876127
"TL11058",2.94774162350222,5.85160837974399,6.2099250452593
"ET18429",4.62388205341995,1.12122312188148,1.42078236676753
"DH13350",7.35863019479439,8.58242896851152,1.29320298554376
"AX15017",1.40822764253244,6.00334605434909,1.08408834319562
"NF16949",1.5763690485619,8.72333424631506,0.424592352937907
"YU14764",2.73154173977673,6.78849380929023,3.06477954145521
"LG15664",9.28331889444962,2.29516631457955,2.70767848473042
"FP15738",5.43887827079743,3.27516341581941,0.150174908339977
"FN15185",4.04253370594233,9.8252708138898,0.0599088775925338
"AS19693",4.37609966145828,3.0097258859314,7.06337786046788
"MA19852",5.19703867845237,4.31535206036642,6.71779523603618
"RH16861",8.5664846887812,3.13736352138221,8.8834562478587
"OL11162",5.3668055520393,6.30630204454064,6.23287480091676
"RX13755",0.692732543684542,7.69602998625487,4.81620891951025
"NV13252",8.65568508394063,1.63500678958371,2.1406707004644
"DW11039",5.24376145331189,1.43144078319892,2.69939920399338
"EG11140",3.7963993055746,1.75958135398105,0.352831117343158
"QX16861",4.12653238745406,1.26806260319427,2.11100166896358
"XF12590",4.15733054513112,7.67046063905582,5.54015262052417
"DZ18474",0.290338152553886,4.49004263151437,1.02487781085074
"TJ16212",6.12303991802037,1.22709177201614,5.76275289524347
"AR20598",7.70101628731936,3.80306880921125,7.51152929384261
"QT20099",6.58171929651871,1.26587687060237,6.44846242154017
"AT13005",4.93637244682759,2.07847793120891,7.74308226071298
"PL17658",3.20098199881613,9.34776896843687,1.05311712948605
"YV13791",7.38149377051741,0.0191386579535902,6.62274511996657
"TW18370",7.36438277177513,2.8061221446842,4.74087410373613
"WZ18062",1.4706001826562,9.48329078499228,1.56344407470897
"JB10469",8.70548124890774,5.40351884672418,5.91693625086918
"KN10236",8.75674207694829,9.98513839906082,8.59666023403406
"PP17696",5.74213333893567,9.64105036109686,5.21171207306907
"OU19556",5.40416007861495,2.38807774847373,6.07917330926284
"SM17790",9.44194823037833,5.88216681731865,4.80813941685483
"VG15623",8.11124224681407,5.51093580434099,4.37371834879741
"FI10308",5.80202853539959,3.32431594375521,1.54813880100846
"EA18362",3.70819419389591,7.2912995214574,0.0463111069984734
"LG12045",3.27861695550382,1.51130713056773,2.72565878927708
"CT14844",8.17191353300586,3.12914903275669,2.63360639801249
"ZG12709",0.758459081407636,0.423547853715718,9.49169956147671
"XE18233",6.80966845247895,2.28888466954231,8.53947583585978
"MF18113",0.686170109547675,5.09674975881353,8.3638597256504
"SO17167",0.997469138819724,0.655206143856049,3.46059921896085
"LY10148",1.93071229849011,4.69092724844813,9.55449508968741
"EC18204",7.72875411901623,3.51704782340676,6.61387976026163
"DI11296",6.12480012699962,4.62026955094188,1.42202042974532
"MD18270",5.08967105997726,4.4968692632392,7.91270616464317
"XQ14685",9.59628931246698,5.56981784757227,8.90008069342002
"EU11863",0.0459492579102516,8.3452730672434,4.45906952721998
"KF10174",1.13470299169421,2.76821128325537,4.72422648221254
"JH17952",4.66332128737122,4.95915082050487,3.02151914685965
"CQ12698",1.42418010625988,8.58183778356761,1.06982297729701
"KD13145",0.860472708009183,7.71474218228832,5.14183291001245
"JD13360",2.50335405115038,6.50644619017839,3.38421397143975
"HY12552",8.7155199656263,0.846932593267411,2.48398812487721
"ZP14586",3.18328836001456,9.40055144717917,7.67745430348441
"WJ19508",1.18557754671201,2.88774465210736,0.378852309659123
"ZS20186",8.61298325937241,1.75020148977637,8.76587025122717
"CG12785",3.19531590212137,9.30400540586561,9.10346793476492
"HK20960",3.78509357804433,3.85428954614326,4.70218159956858
"GR14499",9.75597890326753,2.69954091170803,1.22071764897555
"WW14431",7.92290313635021,2.21506524132565,3.74843236291781
"PP18794",9.21561085851863,8.67169450735673,1.04516683379188
"AZ11110",5.91519851237535,0.549441475886852,1.90185788087547
"DM20940",3.16507924348116,1.74843134591356,6.26651249593124
"CE20930",3.32762213889509,6.31876441882923,1.57866950845346
"HO13612",6.06142203090712,3.76639131456614,1.97105830535293
"AN19282",7.09657615283504,1.32980578346178,5.29686268186197
"BJ11908",9.25784309627488,0.326659914571792,9.91937583778054
"LJ16868",6.57435833243653,4.89635213743895,7.51346121076494
"YO14450",5.59589687967673,1.91944021033123,7.59294776245952
"WJ20518",3.0521704768762,8.97055741632357,9.61460298392922
"VF13979",8.51610134355724,1.15420265588909,3.49121600855142
"WL14366",0.567272868938744,8.80202379776165,5.89527974138036
"YB13541",2.48252858873457,8.39770397404209,2.48053562128916
"AY13497",6.84976064832881,1.51694945758209,9.87832834944129
"QI13937",0.239146382082254,2.46388838160783,1.4024465251714
"IG19665",3.54925766587257,6.67007275857031,4.6428235899657
"NW15098",6.81652953149751,2.61749183293432,9.47929839836434
"KA10553",9.82579725561664,3.14683390548453,9.45987978251651
"BW13064",2.43073365883902,6.91839866572991,2.4786125542596
"RT13485",3.43825865769759,9.78594969725236,8.52423662785441
"TX12489",9.59612619131804,7.00248955981806,3.57529373606667
"ZL17619",7.12737812194973,0.670280614867806,9.11073656985536
"XR10531",2.01618791557848,3.5872165649198,6.70585785293952
"FX17117",6.37444150866941,9.75843097316101,9.28085734369233
"RO18574",7.08310382440686,9.67060798546299,9.0251242602244
"JS10828",7.81763982027769,7.33108470914885,7.50586847541854
"FZ16046",2.40157201420516,5.70155809400603,0.735671969596297
"EC13925",6.37539882678539,3.87592509156093,2.51631223829463
"MY10499",0.28227767907083,4.98085256665945,4.18648644117638
"YW16460",3.25480940984562,1.20435810415074,7.03875344013795
"JD19778",5.83694079192355,2.24552378989756,0.1675931410864
"PZ17362",8.05372026283294,7.71907773800194,5.91038567945361
"SC14213",1.99294696561992,0.537045334931463,4.47846552124247
"DS12539",6.76429445156828,6.54429716523737,0.754396440461278
"YP14099",2.94079397339374,9.3516238918528,0.099161472171545
"PA14690",8.49810713902116,2.24055557278916,3.46568763954565
"VH12172",8.61261521698907,8.93428958952427,1.09981746878475
"XF14433",9.34932321077213,3.28565726988018,8.87281135423109
"CY14651",4.37117891618982,1.20536871254444,9.65056352317333
"EE14256",1.80770411621779,7.28672442724928,8.95581725053489
"ZQ15124",0.429627923294902,3.85773808695376,5.55954746436328
"UH11506",0.437229524832219,2.56770518375561,7.65420535812154
"PQ18666",3.13703236170113,0.925174024887383,9.13372609298676
"JC10177",2.13839216623455,8.69519591098651,9.49265471193939
"SS18810",4.23458437202498,1.37070829980075,4.00266329525039
"MR18100",6.91780179040506,5.84211280569434,7.42094040382653
"DK13309",5.79636784270406,6.07942344155163,6.77719928789884
"FR16380",3.18650256143883,0.471365654375404,4.60023571271449
"CE11635",5.91673954855651,0.071438024751842,4.49540690518916
"LE17480",2.8421120159328,4.25778835313395,3.13849614234641
"CP12300",3.99095905246213,8.11550093116239,2.29532738216221
"NQ19729",8.08645925484598,0.518844986800104,3.19437290076166
"ZF12320",8.55817945441231,1.62624180084094,0.667104856111109
"IU10739",0.446536478120834,3.72575685847551,3.00029587931931
"IP13252",6.64089416153729,4.89458799595013,6.81461222469807
"LS14818",1.07020762516186,0.920771327801049,2.53847067244351
"UH15283",5.2671380713582,8.00160342128947,9.54915428766981
"CH10294",3.51274842163548,2.20166498795152,7.2729012533091
"EH17432",6.43688402604312,7.90631301468238,8.62191271502525
"QQ11415",5.97869975958019,4.64012375334278,5.96877613570541
"TE16304",8.3295702165924,2.34307403210551,0.395160014741123
"XF17082",8.35627919295803,5.72712006978691,8.95971171790734
"HB13287",8.82841974496841,7.44779219850898,7.1562042250298
"AU11403",3.58188138110563,9.18137510772794,4.56280914368108
"WY10990",9.94315747870132,1.66106844088063,3.57029639417306
"MG16291",4.99168429756537,7.10004541324452,4.3303157039918
"YD16013",2.72550391266122,4.67442251974717,6.59795466577634
"WG19363",0.716161318123341,6.44324152730405,0.446768698748201
"TV16605",3.23315204819664,3.31904573133215,1.10917892772704
"HP19387",0.1511704409495,7.27893203496933,3.53431571042165
"IG14059",4.72613422200084,5.30991255305707,4.72063541878015
"EV12245",7.34302652534097,5.7335188309662,9.25744327018037
"HU10154",1.46892366698012,2.73014766862616,3.86720828246325
"XZ18757",1.68966562952846,3.88594931690022,2.86843506619334
"ED16518",4.59714197553694,8.26517285080627,9.23639293527231
"UI12691",8.99368152720854,4.94917969917879,1.95124135818332
"CF12163",4.93525960016996,5.5931991012767,0.455586747266352
"VO13262",3.71609764406458,4.79136106325313,6.70687817502767
"ZK18696",6.96840486489236,2.70683476468548,3.76235299510881
"EZ11619",0.692338261287659,1.61768801277503,4.44650234887376
"GV15356",9.68639793340117,8.16227637464181,2.16157390968874
"VK12257",5.49128470011055,4.91733781294897,0.490500340238214
"WB10757",8.12252508476377,9.02690938906744,2.55379747599363
"ET19649",4.82796185882762,5.85940805729479,4.64584759203717
"KN10676",3.50998903624713,7.75157717755064,5.19165989011526
"OS15152",5.6194441113621,4.09105291124433,2.96843567863107
"KO20361",7.13157013989985,5.75124063529074,3.13144668936729
"KZ11490",6.32664665346965,1.36723092989996,7.6074523315765
"YW10665",6.20645383140072,7.71158357150853,7.45102697983384
"AN10293",6.87971036415547,7.67848697956651,9.02329408796504
"EA19529",1.95573990233243,5.64524366520345,7.95754517195746
"VV18567",2.87192317191511,8.70987497270107,2.75062324944884
"IC15966",5.17623549094424,1.78232323843986,4.09869907191023
"DN20500",4.38537023495883,1.25922378152609,4.1323172301054
"FN12388",0.698826604057103,4.6076156035997,6.21578369988129
"PD13761",4.85999510623515,9.18328879866749,7.82631331589073
"KX12991",5.62152632512152,7.17163048684597,0.598383801989257
"ME13723",5.72502606315538,1.9562708796002,3.88060554862022
"XQ12928",7.91337952949107,6.79171377094463,9.44243166130036
"XJ10482",5.91387270251289,0.651298253796995,2.60301006492227
"TW13503",5.91842549620196,0.487160144839436,6.7298260750249
"LZ18722",3.93297940958291,0.150947228539735,6.38558259001002
"UJ11134",6.00080902222544,1.45320645999163,5.70460644550622
"GK18747",9.2312324186787,3.17792596062645,0.0134681700728834
"SQ17891",1.89995111664757,9.50845615006983,8.99988885037601
"EF17702",6.33932946249843,8.59643168281764,0.830805138684809
"TB11688",5.7785010128282,7.66149504575878,3.60706814331934
"KD13206",1.95949843153358,6.11014371737838,4.12406081799418
"XC13706",8.58453647466376,7.18140331096947,5.04771318752319
"VC18259",8.71855295263231,5.66558371996507,9.89807329606265
"UV12138",7.17604132834822,5.89802965056151,3.09121656464413
"MG19291",6.74354753922671,6.33252646774054,8.03680560551584
"HP18351",9.11708346568048,2.1751052653417,0.754807477351278
"UR15249",3.39009606512263,8.87698404258117,7.41518875351176
"KF19038",4.59343923721462,2.69329302478582,2.20964889507741
"AZ18432",5.93979768222198,9.34650876326486,6.53532462660223
"CF16340",1.55218337429687,1.86708365334198,4.09544731024653
"MW11942",7.46807348914444,4.8261564061977,1.03120342362672
"CY11875",3.83985449094325,5.76642770785838,1.88386706169695
"ZN10681",3.38883232325315,9.64093203656375,0.587956188246608
"IJ20760",3.83876725099981,5.77449892414734,1.04318106546998
"GE15143",3.45322165871039,7.93206661241129,4.15390226524323
"QR10187",7.00698715867475,8.30770534230396,8.94306743750349
"VN15122",1.10168135724962,0.887112382333726,7.34706819988787
"MI17455",7.73951147450134,7.52386106178164,7.15247431304306
"YU17405",4.38469695625827,0.48535814974457,0.581480572000146
"VL16512",9.87266836222261,4.1131729260087,2.6564480131492
"LM11770",1.95117120631039,3.12656994909048,9.40158081008121
"LQ15595",9.73805110668764,9.76320435525849,1.77216964541003
"OD11716",6.61788085475564,7.41018231259659,0.42740021366626
"TQ13333",9.47340984130278,1.49652096210048,7.71276558982208
"JN20539",5.8371834945865,3.63261176738888,7.35903195571154
"MP11864",0.862376282457262,2.98117313534021,8.3158646337688
"CZ18077",1.44056337652728,6.67931387433782,5.65089281648397
"UP11907",9.27441846812144,4.75249066250399,3.3921128208749
"IH17038",4.25528245512396,3.59789581270888,8.34822924109176
"GQ13541",2.43449237430468,9.20061892597005,5.28611257905141
"VL17739",7.06594164483249,8.77040177118033,7.4648337229155
"WF17160",6.7241092142649,3.49963588174433,9.47377540171146
"RN18421",9.2036076169461,6.26824249979109,1.69801426585764
"LO16646",7.46286349836737,4.60014530457556,0.194060190115124
"IK14080",6.50378396967426,7.97763776965439,6.1411675135605
"MJ20495",4.91576704196632,6.86321048298851,3.95871567539871
"FJ17329",8.34467669017613,0.859368711244315,2.57544460473582
"CP19277",0.733261366840452,6.85997085645795,4.45377259049565
"TL19544",1.13870816072449,1.48814728716388,6.48124088766053
"GV11521",6.94937515771016,4.11920722806826,9.61642351467162
"SG18885",4.34731371700764,1.95708421757445,3.00824336707592
"YY11936",2.74439321132377,0.0518228230066597,2.99087783554569
"AO12974",3.8983139116317,1.89654073910788,6.08277610735968
"SJ17571",4.01419044937938,0.201756588649005,3.01878112368286
"AJ17185",8.93875583074987,1.24365285970271,1.62886399542913
"WZ17149",1.43269391497597,0.292329248040915,1.95838638115674
"SD12637",6.93490381585434,6.06482175644487,2.53596479538828
"ZC15932",3.17628415767103,1.38652418274432,2.92927194619551
"KY20718",6.80095727322623,8.7497310526669,8.87951829936355
"BM17856",4.21128883492202,1.00814593723044,5.41933318134397
"XI11452",9.33672552928329,6.32108046673238,5.55558517342433
"IG18028",0.390773504041135,7.79763673432171,2.07465402316302
"SQ10184",5.32601948361844,3.9774574758485,3.7432658742182
"SQ16260",5.76840358553454,2.60260394308716,4.80146064423025
"QN19339",4.48677832493559,3.48664128687233,1.87816157238558
"ON10727",2.82363233854994,3.43361138366163,5.00436188420281
"SE16925",5.48034446546808,6.24126045964658,0.0965297827497125
"PI17823",4.55624667694792,5.58370032347739,8.43039728933945
"UK10956",8.85292452061549,9.28931780159473,0.432469518855214
"GG20030",9.68334035715088,7.27514264406636,1.6818205663003
"YK20787",7.27802160894498,5.96474434016272,4.25311190076172
"OP14130",8.3234297321178,0.534141552634537,2.0388334733434
"MS18950",7.46927496278659,6.42827655188739,0.853719257283956
"TV17689",2.93319084914401,3.74856606824324,4.3099110503681
"MW19349",4.27590934559703,3.07313097408041,7.9184693377465
"RR10040",0.324614399578422,2.31367534724995,6.27528076991439
"PK16567",8.78213763004169,4.33923022588715,1.83313800022006
"HH13959",3.71383165940642,2.60312392376363,1.02980295429006
"EF19159",9.47794561041519,9.72917665261775,8.07813231833279
"ZV12813",9.69179781619459,1.25047469744459,2.42217673454434
"HQ15348",1.07797732576728,2.00814662734047,7.86329893860966
"ON15985",2.78732520295307,7.500963404309,1.91377954557538
"VB16620",1.06147713493556,9.1392515017651,7.50824863323942
"SI13671",8.00989976152778,2.45200047967955,5.61978236306459
"LN10648",9.8599646310322,5.60548791894689,4.18389006052166
"SG12079",1.39929808443412,8.20064130937681,2.52261886140332
"VZ13526",4.37434067716822,2.85148665076122,3.33768572192639
"ZZ14855",0.499449539929628,5.86417024023831,0.258862902410328
"HN20095",4.45508030010387,6.63731026463211,4.0549756702967
"XX10174",4.51659166254103,2.80622402904555,9.63383738650009
"VH10693",6.94978518411517,8.69960998883471,6.23569412622601
"LW11807",3.46433607395738,5.37856375332922,0.744599844329059
"YH18842",5.0809247395955,2.33328852336854,4.45411945926026
"QN13041",2.15070592937991,1.73909775912762,4.08125470858067
"AD19928",6.8491165782325,1.36029406450689,6.28125280607492
"JA13537",7.44494948768988,4.08242798643187,7.73629897041246
"OJ17341",9.84817427350208,1.56394284684211,4.95408610673621
"ZC18472",0.100107630714774,9.16951771825552,8.13790132291615
"VD15788",7.67554852413014,9.38769273459911,3.752595577389
"SG19892",1.56283397460356,3.9461985277012,5.42595017468557
"XA15420",5.12926154537126,3.59446326969191,0.664985303301364
"YH17721",8.20721880998462,6.85723930131644,8.47839022986591
"BO10334",1.60461661871523,7.21779956715181,0.456464770250022
"HW15814",4.38749568071216,1.40492576174438,3.15150892361999
"BK14940",8.80966874305159,6.7285090428777,6.52616477571428
"VN20738",0.24867091095075,3.3294993871823,4.05214354628697
"PZ14335",0.468576266430318,8.8168334774673,4.88487228285521
"HV12882",9.42999245831743,4.54176495783031,0.489386385306716
"RP16936",8.49706329172477,0.107615767046809,1.3158619008027
"CR18940",0.481703137047589,8.62903341185302,2.0835323468782
"HJ16017",0.34122328273952,9.28754241671413,7.23248454043642
"TL13060",7.67970081651583,7.18921733088791,7.30418762657791
"WT18725",2.92458499548957,3.57328060083091,1.82284883921966
"OG18705",0.703130522742867,3.89170531649143,0.0908628618344665
"CT12400",4.93182388367131,9.34788263170049,4.09583047498018
"DY13599",4.25362771376967,0.104888305068016,2.97191027086228
"TB17959",3.79736771574244,2.62072070967406,4.81657100841403
"DA15811",6.43118914216757,1.01208772044629,7.18064371030778
"WC12925",0.313201849348843,3.81192818051204,4.11684601334855
"NA17304",9.9235398741439,4.11050783470273,4.90799790015444
"SR12068",8.24821973452345,0.746001042425632,5.99437146214768
"OM17470",9.78681059554219,8.80349757615477,5.03242528066039
"II16374",4.76790361804888,9.7210086020641,0.691530937328935
"DW13264",2.497896743007,9.16207995964214,4.72152532776818
"RJ12446",9.0721917222254,6.22844723751768,1.05047393823043
"NM13087",0.404787415172905,6.2531430227682,1.55581861268729
"SW13390",6.9896649918519,5.4855696298182,4.84878974501044
"OA17671",7.46670127380639,7.72216269513592,9.67685524374247
"SX14623",1.31991317030042,7.09238870767877,4.01700237998739
"NI12453",9.70337233738974,5.0665006111376,7.17938239686191
"IN10772",2.95174601022154,4.42418649792671,7.81645492883399
"XK20308",3.77540932502598,4.19539571972564,1.20669591473415
"RY19197",7.89406296564266,3.90445868717507,6.68369066435844
"MT15276",6.61344353109598,1.97709074942395,1.75305730430409
"FR13960",4.83747693011537,1.45808719098568,3.13533128006384
"LM16347",3.22671666741371,7.9439618694596,8.13432511407882
"IG11197",6.45982655929402,7.62500871904194,1.16379620274529
"UG10021",2.76716083288193,3.91932773869485,2.22564914496616
"UJ11100",7.13924087584019,3.00827435683459,0.622759477701038
"LZ11818",0.443225393537432,5.72883658809587,6.22552345739678
